{
    "file_format_version": "1.1.2",
    "layer": {
        "name": "VK_LAYER_OBS_vkcapture_64",
        "type": "GLOBAL",
        "library_path": "/usr/lib/libVkLayer_obs_vkcapture.so",
        "api_version": "1.4.328",
        "implementation_version": "1",
        "description": "OBS Linux game capture",
        "functions": {
            "vkNegotiateLoaderLayerInterfaceVersion": "OBS_Negotiate"
        },
        "enable_environment": {
            "OBS_VKCAPTURE": "1"
        },
        "disable_environment": {
            "DISABLE_OBS_VKCAPTURE": "1"
        }
    }
}
